from,to,album title,primary genre,secondary genre,year of publishing,first grammy category,second_grammy_category,grammy year,number of grammys per album,number of grammy nominations per album
rr,ts,The New Abnormal,1,,2020,2,,2021,1,1
rr,ad,21,3,,2011,1,,2012,1,1
rr,tc,Taking the long way,2,,2006,1,3,2007,2,2
rr,rhcp,Stadium Arcadium,1,,2006,2,1,2007,1,1
rr,jc,Unchained,2,,1996,2,,1998,1,1
pe,ad,21,3,,2011,1,,2012,1,1
pe,ad,25,3,,2015,1,,2017,1,1
rt,ad,21,3,,2011,1,,2012,1,1
rt,ad,25,3,,2015,1,,2017,1,1
ja,ad,21,3,,2011,1,,2012,1,1
fts,ad,21,3,,2011,1,,2012,1,1
dw,ad,21,3,,2011,1,,2012,1,1
gk,ad,25,3,,2015,1,,2017,1,1
kjs,ad,25,3,,2015,1,,2017,1,1
mm,ad,25,3,,2015,1,,2017,1,1
ar,ad,25,3,,2015,1,,2017,1,1
bb,ad,25,3,,2015,1,,2017,1,1
sd,ad,25,3,,2015,1,,2017,1,1
bm,ad,25,3,,2015,1,,2017,1,1
pl,ad,25,3,,2015,1,,2017,1,1
pe,rr,21,3,,2011,1,,2012,1,1
pe,rt,25,3,,2015,1,,2017,1,1
pe,rt,21,3,,2011,1,,2012,1,1
pe,ja,21,3,,2011,1,,2012,1,1
pe,fts,21,3,,2011,1,,2012,1,1
pe,dw,21,3,,2011,1,,2012,1,1
pe,gk,21,3,,2011,1,,2012,1,1
pe,kjs,21,3,,2011,1,,2012,1,1
pe,mm,21,3,,2011,1,,2012,1,1
pe,ar,21,3,,2011,1,,2012,1,1
pe,bb,21,3,,2011,1,,2012,1,1
pe,sd,21,3,,2011,1,,2012,1,1
pe,bm,21,3,,2011,1,,2012,1,1
pe,pl,21,3,,2011,1,,2012,1,1
rt,rr,21,3,,2011,1,,2012,1,1
rt,ja,21,3,,2011,1,,2012,1,1
rt,fts,21,3,,2011,1,,2012,1,1
rt,dw,21,3,,2011,1,,2012,1,1
rt,gk,21,3,,2011,1,,2012,1,1
rt,kjs,21,3,,2011,1,,2012,1,1
rt,mm,21,3,,2011,1,,2012,1,1
rt,ar,21,3,,2011,1,,2012,1,1
rt,bb,21,3,,2011,1,,2012,1,1
rt,sd,21,3,,2011,1,,2012,1,1
rt,bm,21,3,,2011,1,,2012,1,1
rt,pl,21,3,,2011,1,,2012,1,1
ja,rr,21,3,,2011,1,,2012,1,1
ja,fts,21,3,,2011,1,,2012,1,1
ja,dw,21,3,,2011,1,,2012,1,1
fts,rr,21,3,,2011,1,,2012,1,1
fts,dw,21,3,,2011,1,,2012,1,1
gk,kjs,25,3,,2015,1,,2017,1,1
gk,mm,25,3,,2015,1,,2017,1,1
gk,ar,25,3,,2015,1,,2017,1,1
gk,bb,25,3,,2015,1,,2017,1,1
gk,sd,25,3,,2015,1,,2017,1,1
gk,bm,25,3,,2015,1,,2017,1,1
gk,pl,25,3,,2015,1,,2017,1,1
kjs,mm,25,3,,2015,1,,2017,1,1
kjs,ar,25,3,,2015,1,,2017,1,1
kjs,bb,25,3,,2015,1,,2017,1,1
kjs,sd,25,3,,2015,1,,2017,1,1
kjs,bm,25,3,,2015,1,,2017,1,1
kjs,pl,25,3,,2015,1,,2017,1,1
mm,ar,25,3,,2015,1,,2017,1,1
mm,bb,25,3,,2015,1,,2017,1,1
mm,sd,25,3,,2015,1,,2017,1,1
mm,bm,25,3,,2015,1,,2017,1,1
mm,pl,25,3,,2015,1,,2017,1,1
ar,bb,25,3,,2015,1,,2017,1,1
ar,sd,25,3,,2015,1,,2017,1,1
ar,bm,25,3,,2015,1,,2017,1,1
ar,pl,25,3,,2015,1,,2017,1,1
bb,sd,25,3,,2015,1,,2017,1,1
bb,bm,25,3,,2015,1,,2017,1,1
bb,pl,25,3,,2015,1,,2017,1,1
sd,bm,25,3,,2015,1,,2017,1,1
sd,pl,25,3,,2015,1,,2017,1,1
bm,pl,25,3,,2015,1,,2017,1,1
rhcp,rr,I'm with You,1,,2011,2,,2012,0,1
rhcp,rr,Californication,1,,1999,2,,2000,0,1
jc,rr,American IV - The Man comes around,2,,2002,5,,2003,0,1
jcc,rr,American IV - The Man comes around,2,,2002,5,,2003,0,1
jc,jcc,American IV - The Man comes around,2,,2002,5,,2003,0,1
jc,rr,American III: Solitary Man,2,,2000,5,,2001,0,1
jc,jcc,American III: Solitary Man,2,,2000,5,,2001,0,1
jcc,rr,American III: Solitary Man,2,,2000,5,,2001,0,1
jcc,rr,Unearthed,2,,2003,6,,2005,0,1
jc,rr,Unearthed,2,,2003,6,,2005,0,1
jc,jcc,Unearthed,2,,2003,6,,2005,0,1
jc,df,Unearthed,2,,2003,6,,2005,0,1
df,rr,Unearthed,2,,2003,6,,2005,0,1
df,jcc,Unearthed,2,,2003,6,,2005,0,1
bj,jc,At San Quentin,2,,1969,1,,1970,0,1
dl,jc,Bitter Tears,2,,1964,3,,1965,0,1
fj,jc,Bitter Tears,2,,1964,3,,1965,0,1
dl,fj,Bitter Tears,2,,1964,3,,1965,0,1
jc,rr,American Recordings,2,,1994,5,,1995,0,1
jcc,jc,American Recordings,2,,1994,5,,1995,0,1
rr,jcc,American Recordings,2,,1994,5,,1995,0,1
rr,rhcp,Stadium Arcadium,1,,2006,2,1,2007,1,2
jt,da,FutureSex/LoveSounds,3,,2006,4,1,2007,0,2
jt,ti,FutureSex/LoveSounds,3,,2006,4,1,2007,0,2
jt,jb,FutureSex/LoveSounds,3,,2006,4,1,2007,0,2
jt,rr,FutureSex/LoveSounds,3,,2006,4,1,2007,0,2
da,ti,FutureSex/LoveSounds,3,,2006,4,1,2007,0,2
da,jb,FutureSex/LoveSounds,3,,2006,4,1,2007,0,2
da,rr,FutureSex/LoveSounds,3,,2006,4,1,2007,0,2
ti,jb,FutureSex/LoveSounds,3,,2006,4,1,2007,0,2
ti,rr,FutureSex/LoveSounds,3,,2006,4,1,2007,0,2
jb,rr,FutureSex/LoveSounds,3,,2006,4,1,2007,0,2
jt,ch,Justified,3,,2002,4,,2004,1,1
jt,ph,Justified,3,,2002,4,,2004,1,1
jt,tn,Justified,3,,2002,4,,2004,1,1
jt,ss,Justified,3,,2002,4,,2004,1,1
jt,bmc,Justified,3,,2002,4,,2004,1,1
jt,ti,Justified,3,,2002,4,,2004,1,1
ti,ch,Justified,3,,2002,4,,2004,1,1
ti,ph,Justified,3,,2002,4,,2004,1,1
ti,tn,Justified,3,,2002,4,,2004,1,1
ti,ss,Justified,3,,2002,4,,2004,1,1
ti,bmc,Justified,3,,2002,4,,2004,1,1
ch,ph,Justified,3,,2002,4,,2004,1,1
ch,tn,Justified,3,,2002,4,,2004,1,1
ch,ss,Justified,3,,2002,4,,2004,1,1
ch,bmc,Justified,3,,2002,4,,2004,1,1
ph,tn,Justified,3,,2002,4,,2004,1,1
ph,ss,Justified,3,,2002,4,,2004,1,1
ph,bmc,Justified,3,,2002,4,,2004,1,1
tn,ss,Justified,3,,2002,4,,2004,1,1
tn,bmc,Justified,3,,2002,4,,2004,1,1
ss,bmc,Justified,3,,2002,4,,2004,1,1
jt,ti,The 20/20 Experience- The Complete Experience,3,,2013,4,,2014,0,1
jt,jjh,The 20/20 Experience- The Complete Experience,3,,2013,4,,2014,0,1
ti,jjh,The 20/20 Experience- The Complete Experience,3,,2013,4,,2014,0,1
lg,ad,30,3,,2021,4,1,2023,0,1
gk,ad,30,3,,2021,4,1,2023,0,1
gk,lg,30,3,,2021,4,1,2023,0,1
sh,lg,30,3,,2021,4,1,2023,0,1
sh,ad,30,3,,2021,4,1,2023,0,1
sh,gk,30,3,,2021,4,1,2023,0,1
jp,lg,30,3,,2021,4,1,2023,0,1
jp,ad,30,3,,2021,4,1,2023,0,1
jp,gk,30,3,,2021,4,1,2023,0,1
jp,sh,30,3,,2021,4,1,2023,0,1
in,lg,30,3,,2021,4,1,2023,0,1
in,ad,30,3,,2021,4,1,2023,0,1
in,gk,30,3,,2021,4,1,2023,0,1
in,sh,30,3,,2021,4,1,2023,0,1
in,jp,30,3,,2021,4,1,2023,0,1
tjj,lg,30,3,,2021,4,1,2023,0,1
tjj,ad,30,3,,2021,4,1,2023,0,1
tjj,gk,30,3,,2021,4,1,2023,0,1
tjj,sh,30,3,,2021,4,1,2023,0,1
tjj,jp,30,3,,2021,4,1,2023,0,1
tjj,in,30,3,,2021,4,1,2023,0,1
se,lg,30,3,,2021,4,1,2023,0,1
se,ad,30,3,,2021,4,1,2023,0,1
se,gk,30,3,,2021,4,1,2023,0,1
se,sh,30,3,,2021,4,1,2023,0,1
se,jp,30,3,,2021,4,1,2023,0,1
se,in,30,3,,2021,4,1,2023,0,1
se,tjj,30,3,,2021,4,1,2023,0,1
es,aad,- (Subtract),3,,2023,4,,2024,0,1
fr,es,- (Subtract),3,,2023,4,,2024,0,1
fr,aad,- (Subtract),3,,2023,4,,2024,0,1
mm,es,- (Subtract),3,,2023,4,,2024,0,1
mm,aad,- (Subtract),3,,2023,4,,2024,0,1
mm,fr,- (Subtract),3,,2023,4,,2024,0,1
sh,es,- (Subtract),3,,2023,4,,2024,0,1
sh,aad,- (Subtract),3,,2023,4,,2024,0,1
sh,fr,- (Subtract),3,,2023,4,,2024,0,1
sh,mm,- (Subtract),3,,2023,4,,2024,0,1
es,ag,No.6 Collaborations Project,3,,2019,4,,2020,0,1
fr,es,No.6 Collaborations Project,3,,2019,4,,2020,0,1
fr,ag,No.6 Collaborations Project,3,,2019,4,,2020,0,1
mm,es,No.6 Collaborations Project,3,,2019,4,,2020,0,1
mm,ag,No.6 Collaborations Project,3,,2019,4,,2020,0,1
mm,fr,No.6 Collaborations Project,3,,2019,4,,2020,0,1
sh,es,No.6 Collaborations Project,3,,2019,4,,2020,0,1
sh,ag,No.6 Collaborations Project,3,,2019,4,,2020,0,1
sh,fr,No.6 Collaborations Project,3,,2019,4,,2020,0,1
sh,mm,No.6 Collaborations Project,3,,2019,4,,2020,0,1
sm,es,No.6 Collaborations Project,3,,2019,4,,2020,0,1
sm,ag,No.6 Collaborations Project,3,,2019,4,,2020,0,1
sm,fr,No.6 Collaborations Project,3,,2019,4,,2020,0,1
sm,mm,No.6 Collaborations Project,3,,2019,4,,2020,0,1
sm,sh,No.6 Collaborations Project,3,,2019,4,,2020,0,1
sk,es,No.6 Collaborations Project,3,,2019,4,,2020,0,1
sk,ag,No.6 Collaborations Project,3,,2019,4,,2020,0,1
sk,fr,No.6 Collaborations Project,3,,2019,4,,2020,0,1
sk,mm,No.6 Collaborations Project,3,,2019,4,,2020,0,1
sk,sh,No.6 Collaborations Project,3,,2019,4,,2020,0,1
sk,sm,No.6 Collaborations Project,3,,2019,4,,2020,0,1
bbo,es,No.6 Collaborations Project,3,,2019,4,,2020,0,1
bbo,ag,No.6 Collaborations Project,3,,2019,4,,2020,0,1
bbo,fr,No.6 Collaborations Project,3,,2019,4,,2020,0,1
bbo,mm,No.6 Collaborations Project,3,,2019,4,,2020,0,1
bbo,sh,No.6 Collaborations Project,3,,2019,4,,2020,0,1
bbo,sm,No.6 Collaborations Project,3,,2019,4,,2020,0,1
bbo,sk,No.6 Collaborations Project,3,,2019,4,,2020,0,1
jr,es,No.6 Collaborations Project,3,,2019,4,,2020,0,1
jr,ag,No.6 Collaborations Project,3,,2019,4,,2020,0,1
jr,fr,No.6 Collaborations Project,3,,2019,4,,2020,0,1
jr,mm,No.6 Collaborations Project,3,,2019,4,,2020,0,1
jr,sh,No.6 Collaborations Project,3,,2019,4,,2020,0,1
jr,sm,No.6 Collaborations Project,3,,2019,4,,2020,0,1
jr,sk,No.6 Collaborations Project,3,,2019,4,,2020,0,1
jr,bb,No.6 Collaborations Project,3,,2019,4,,2020,0,1
jg,es,No.6 Collaborations Project,3,,2019,4,,2020,0,1
jg,ag,No.6 Collaborations Project,3,,2019,4,,2020,0,1
jg,fr,No.6 Collaborations Project,3,,2019,4,,2020,0,1
jg,mm,No.6 Collaborations Project,3,,2019,4,,2020,0,1
jg,sh,No.6 Collaborations Project,3,,2019,4,,2020,0,1
jg,sm,No.6 Collaborations Project,3,,2019,4,,2020,0,1
jg,sk,No.6 Collaborations Project,3,,2019,4,,2020,0,1
jg,bb,No.6 Collaborations Project,3,,2019,4,,2020,0,1
jg,jr,No.6 Collaborations Project,3,,2019,4,,2020,0,1
pla,es,No.6 Collaborations Project,3,,2019,4,,2020,0,1
pla,ag,No.6 Collaborations Project,3,,2019,4,,2020,0,1
pla,fr,No.6 Collaborations Project,3,,2019,4,,2020,0,1
pla,mm,No.6 Collaborations Project,3,,2019,4,,2020,0,1
pla,sh,No.6 Collaborations Project,3,,2019,4,,2020,0,1
pla,sm,No.6 Collaborations Project,3,,2019,4,,2020,0,1
pla,sk,No.6 Collaborations Project,3,,2019,4,,2020,0,1
pla,bb,No.6 Collaborations Project,3,,2019,4,,2020,0,1
pla,jr,No.6 Collaborations Project,3,,2019,4,,2020,0,1
pla,jg,No.6 Collaborations Project,3,,2019,4,,2020,0,1
ni,es,No.6 Collaborations Project,3,,2019,4,,2020,0,1
ni,ag,No.6 Collaborations Project,3,,2019,4,,2020,0,1
ni,fr,No.6 Collaborations Project,3,,2019,4,,2020,0,1
ni,mm,No.6 Collaborations Project,3,,2019,4,,2020,0,1
ni,sh,No.6 Collaborations Project,3,,2019,4,,2020,0,1
ni,sm,No.6 Collaborations Project,3,,2019,4,,2020,0,1
ni,sk,No.6 Collaborations Project,3,,2019,4,,2020,0,1
ni,bb,No.6 Collaborations Project,3,,2019,4,,2020,0,1
ni,jr,No.6 Collaborations Project,3,,2019,4,,2020,0,1
ni,jg,No.6 Collaborations Project,3,,2019,4,,2020,0,1
ni,pla,No.6 Collaborations Project,3,,2019,4,,2020,0,1
bo,es,No.6 Collaborations Project,3,,2019,4,,2020,0,1
bo,ag,No.6 Collaborations Project,3,,2019,4,,2020,0,1
bo,fr,No.6 Collaborations Project,3,,2019,4,,2020,0,1
bo,mm,No.6 Collaborations Project,3,,2019,4,,2020,0,1
bo,sh,No.6 Collaborations Project,3,,2019,4,,2020,0,1
bo,sm,No.6 Collaborations Project,3,,2019,4,,2020,0,1
bo,sk,No.6 Collaborations Project,3,,2019,4,,2020,0,1
bo,bb,No.6 Collaborations Project,3,,2019,4,,2020,0,1
bo,jr,No.6 Collaborations Project,3,,2019,4,,2020,0,1
bo,jg,No.6 Collaborations Project,3,,2019,4,,2020,0,1
bo,pla,No.6 Collaborations Project,3,,2019,4,,2020,0,1
bo,ni,No.6 Collaborations Project,3,,2019,4,,2020,0,1
js,es,No.6 Collaborations Project,3,,2019,4,,2020,0,1
js,ag,No.6 Collaborations Project,3,,2019,4,,2020,0,1
js,fr,No.6 Collaborations Project,3,,2019,4,,2020,0,1
js,mm,No.6 Collaborations Project,3,,2019,4,,2020,0,1
js,sh,No.6 Collaborations Project,3,,2019,4,,2020,0,1
js,sm,No.6 Collaborations Project,3,,2019,4,,2020,0,1
js,sk,No.6 Collaborations Project,3,,2019,4,,2020,0,1
js,bb,No.6 Collaborations Project,3,,2019,4,,2020,0,1
js,jr,No.6 Collaborations Project,3,,2019,4,,2020,0,1
js,jg,No.6 Collaborations Project,3,,2019,4,,2020,0,1
js,pla,No.6 Collaborations Project,3,,2019,4,,2020,0,1
js,ni,No.6 Collaborations Project,3,,2019,4,,2020,0,1
js,bo,No.6 Collaborations Project,3,,2019,4,,2020,0,1
bm,es,No.6 Collaborations Project,3,,2019,4,,2020,0,1
bm,ag,No.6 Collaborations Project,3,,2019,4,,2020,0,1
bm,fr,No.6 Collaborations Project,3,,2019,4,,2020,0,1
bm,mm,No.6 Collaborations Project,3,,2019,4,,2020,0,1
bm,sh,No.6 Collaborations Project,3,,2019,4,,2020,0,1
bm,sm,No.6 Collaborations Project,3,,2019,4,,2020,0,1
bm,sk,No.6 Collaborations Project,3,,2019,4,,2020,0,1
bm,bb,No.6 Collaborations Project,3,,2019,4,,2020,0,1
bm,jr,No.6 Collaborations Project,3,,2019,4,,2020,0,1
bm,jg,No.6 Collaborations Project,3,,2019,4,,2020,0,1
bm,pla,No.6 Collaborations Project,3,,2019,4,,2020,0,1
bm,ni,No.6 Collaborations Project,3,,2019,4,,2020,0,1
bm,bo,No.6 Collaborations Project,3,,2019,4,,2020,0,1
bm,js,No.6 Collaborations Project,3,,2019,4,,2020,0,1
es,bm,Beauty Behind The Madness,3,5,2015,1,,2016,0,1
bm,stm,Beauty Behind The Madness,3,5,2015,1,,2016,0,1
bm,es,Beauty Behind The Madness,3,5,2015,1,,2016,0,1
tw,bm,Beauty Behind The Madness,3,5,2015,1,,2016,0,1
tw,stm,Beauty Behind The Madness,3,5,2015,1,,2016,0,1
tw,es,Beauty Behind The Madness,3,5,2015,1,,2016,0,1
jq,bm,Beauty Behind The Madness,3,5,2015,1,,2016,0,1
jq,stm,Beauty Behind The Madness,3,5,2015,1,,2016,0,1
jq,es,Beauty Behind The Madness,3,5,2015,1,,2016,0,1
jq,tw,Beauty Behind The Madness,3,5,2015,1,,2016,0,1
la,bm,Beauty Behind The Madness,3,5,2015,1,,2016,0,1
la,stm,Beauty Behind The Madness,3,5,2015,1,,2016,0,1
la,es,Beauty Behind The Madness,3,5,2015,1,,2016,0,1
la,tw,Beauty Behind The Madness,3,5,2015,1,,2016,0,1
la,jq,Beauty Behind The Madness,3,5,2015,1,,2016,0,1
cim,bm,Beauty Behind The Madness,3,5,2015,1,,2016,0,1
cim,stm,Beauty Behind The Madness,3,5,2015,1,,2016,0,1
cim,es,Beauty Behind The Madness,3,5,2015,1,,2016,0,1
cim,tw,Beauty Behind The Madness,3,5,2015,1,,2016,0,1
cim,jq,Beauty Behind The Madness,3,5,2015,1,,2016,0,1
cim,la,Beauty Behind The Madness,3,5,2015,1,,2016,0,1
tp,bm,Beauty Behind The Madness,3,5,2015,1,,2016,0,1
tp,stm,Beauty Behind The Madness,3,5,2015,1,,2016,0,1
tp,es,Beauty Behind The Madness,3,5,2015,1,,2016,0,1
tp,tw,Beauty Behind The Madness,3,5,2015,1,,2016,0,1
tp,jq,Beauty Behind The Madness,3,5,2015,1,,2016,0,1
tp,la,Beauty Behind The Madness,3,5,2015,1,,2016,0,1
tp,cim,Beauty Behind The Madness,3,5,2015,1,,2016,0,1
kw,bm,Beauty Behind The Madness,3,5,2015,1,,2016,0,1
kw,stm,Beauty Behind The Madness,3,5,2015,1,,2016,0,1
kw,es,Beauty Behind The Madness,3,5,2015,1,,2016,0,1
kw,tw,Beauty Behind The Madness,3,5,2015,1,,2016,0,1
kw,jq,Beauty Behind The Madness,3,5,2015,1,,2016,0,1
kw,la,Beauty Behind The Madness,3,5,2015,1,,2016,0,1
kw,cim,Beauty Behind The Madness,3,5,2015,1,,2016,0,1
kw,tp,Beauty Behind The Madness,3,5,2015,1,,2016,0,1
mk,bm,Beauty Behind The Madness,3,5,2015,1,,2016,0,1
mk,stm,Beauty Behind The Madness,3,5,2015,1,,2016,0,1
mk,es,Beauty Behind The Madness,3,5,2015,1,,2016,0,1
mk,tw,Beauty Behind The Madness,3,5,2015,1,,2016,0,1
mk,jq,Beauty Behind The Madness,3,5,2015,1,,2016,0,1
mk,la,Beauty Behind The Madness,3,5,2015,1,,2016,0,1
mk,cim,Beauty Behind The Madness,3,5,2015,1,,2016,0,1
mk,tp,Beauty Behind The Madness,3,5,2015,1,,2016,0,1
mk,kw,Beauty Behind The Madness,3,5,2015,1,,2016,0,1
tw,bm,Beauty Behind The Madness,3,5,2015,1,,2016,0,1
tw,stm,Beauty Behind The Madness,3,5,2015,1,,2016,0,1
tw,es,Beauty Behind The Madness,3,5,2015,1,,2016,0,1
tw,jq,Beauty Behind The Madness,3,5,2015,1,,2016,0,1
tw,la,Beauty Behind The Madness,3,5,2015,1,,2016,0,1
tw,cim,Beauty Behind The Madness,3,5,2015,1,,2016,0,1
tw,tp,Beauty Behind The Madness,3,5,2015,1,,2016,0,1
tw,kw,Beauty Behind The Madness,3,5,2015,1,,2016,0,1
tw,mk,Beauty Behind The Madness,3,5,2015,1,,2016,0,1
bbd,bm,Beauty Behind The Madness,3,5,2015,1,,2016,0,1
bbd,stm,Beauty Behind The Madness,3,5,2015,1,,2016,0,1
bbd,es,Beauty Behind The Madness,3,5,2015,1,,2016,0,1
bbd,tw,Beauty Behind The Madness,3,5,2015,1,,2016,0,1
bbd,jq,Beauty Behind The Madness,3,5,2015,1,,2016,0,1
bbd,la,Beauty Behind The Madness,3,5,2015,1,,2016,0,1
bbd,cim,Beauty Behind The Madness,3,5,2015,1,,2016,0,1
bbd,tp,Beauty Behind The Madness,3,5,2015,1,,2016,0,1
bbd,kw,Beauty Behind The Madness,3,5,2015,1,,2016,0,1
bbd,mk,Beauty Behind The Madness,3,5,2015,1,,2016,0,1
bbd,tw,Beauty Behind The Madness,3,5,2015,1,,2016,0,1
ma,bm,Beauty Behind The Madness,3,5,2015,1,,2016,0,1
ma,stm,Beauty Behind The Madness,3,5,2015,1,,2016,0,1
ma,es,Beauty Behind The Madness,3,5,2015,1,,2016,0,1
ma,tw,Beauty Behind The Madness,3,5,2015,1,,2016,0,1
ma,jq,Beauty Behind The Madness,3,5,2015,1,,2016,0,1
ma,la,Beauty Behind The Madness,3,5,2015,1,,2016,0,1
ma,cim,Beauty Behind The Madness,3,5,2015,1,,2016,0,1
ma,tp,Beauty Behind The Madness,3,5,2015,1,,2016,0,1
ma,kw,Beauty Behind The Madness,3,5,2015,1,,2016,0,1
ma,mk,Beauty Behind The Madness,3,5,2015,1,,2016,0,1
ma,tw,Beauty Behind The Madness,3,5,2015,1,,2016,0,1
ma,bbd,Beauty Behind The Madness,3,5,2015,1,,2016,0,1
dbs,bm,Beauty Behind The Madness,3,5,2015,1,,2016,0,1
dbs,stm,Beauty Behind The Madness,3,5,2015,1,,2016,0,1
dbs,es,Beauty Behind The Madness,3,5,2015,1,,2016,0,1
dbs,tw,Beauty Behind The Madness,3,5,2015,1,,2016,0,1
dbs,jq,Beauty Behind The Madness,3,5,2015,1,,2016,0,1
dbs,la,Beauty Behind The Madness,3,5,2015,1,,2016,0,1
dbs,cim,Beauty Behind The Madness,3,5,2015,1,,2016,0,1
dbs,tp,Beauty Behind The Madness,3,5,2015,1,,2016,0,1
dbs,kw,Beauty Behind The Madness,3,5,2015,1,,2016,0,1
dbs,mk,Beauty Behind The Madness,3,5,2015,1,,2016,0,1
dbs,tw,Beauty Behind The Madness,3,5,2015,1,,2016,0,1
dbs,bbd,Beauty Behind The Madness,3,5,2015,1,,2016,0,1
dbs,ma,Beauty Behind The Madness,3,5,2015,1,,2016,0,1
ap,bm,Beauty Behind The Madness,3,5,2015,1,,2016,0,1
ap,stm,Beauty Behind The Madness,3,5,2015,1,,2016,0,1
ap,es,Beauty Behind The Madness,3,5,2015,1,,2016,0,1
ap,tw,Beauty Behind The Madness,3,5,2015,1,,2016,0,1
ap,jq,Beauty Behind The Madness,3,5,2015,1,,2016,0,1
ap,la,Beauty Behind The Madness,3,5,2015,1,,2016,0,1
ap,cim,Beauty Behind The Madness,3,5,2015,1,,2016,0,1
ap,tp,Beauty Behind The Madness,3,5,2015,1,,2016,0,1
ap,kw,Beauty Behind The Madness,3,5,2015,1,,2016,0,1
ap,mk,Beauty Behind The Madness,3,5,2015,1,,2016,0,1
ap,tw,Beauty Behind The Madness,3,5,2015,1,,2016,0,1
ap,bbd,Beauty Behind The Madness,3,5,2015,1,,2016,0,1
ap,ma,Beauty Behind The Madness,3,5,2015,1,,2016,0,1
ap,dbs,Beauty Behind The Madness,3,5,2015,1,,2016,0,1
mm,bm,Beauty Behind The Madness,3,5,2015,1,,2016,0,1
mm,stm,Beauty Behind The Madness,3,5,2015,1,,2016,0,1
mm,es,Beauty Behind The Madness,3,5,2015,1,,2016,0,1
mm,tw,Beauty Behind The Madness,3,5,2015,1,,2016,0,1
mm,jq,Beauty Behind The Madness,3,5,2015,1,,2016,0,1
mm,la,Beauty Behind The Madness,3,5,2015,1,,2016,0,1
mm,cim,Beauty Behind The Madness,3,5,2015,1,,2016,0,1
mm,tp,Beauty Behind The Madness,3,5,2015,1,,2016,0,1
mm,kw,Beauty Behind The Madness,3,5,2015,1,,2016,0,1
mm,mk,Beauty Behind The Madness,3,5,2015,1,,2016,0,1
mm,tw,Beauty Behind The Madness,3,5,2015,1,,2016,0,1
mm,bbd,Beauty Behind The Madness,3,5,2015,1,,2016,0,1
mm,ma,Beauty Behind The Madness,3,5,2015,1,,2016,0,1
mm,dbs,Beauty Behind The Madness,3,5,2015,1,,2016,0,1
mm,ap,Beauty Behind The Madness,3,5,2015,1,,2016,0,1
ps,bm,Beauty Behind The Madness,3,5,2015,1,,2016,0,1
ps,stm,Beauty Behind The Madness,3,5,2015,1,,2016,0,1
ps,es,Beauty Behind The Madness,3,5,2015,1,,2016,0,1
ps,tw,Beauty Behind The Madness,3,5,2015,1,,2016,0,1
ps,jq,Beauty Behind The Madness,3,5,2015,1,,2016,0,1
ps,la,Beauty Behind The Madness,3,5,2015,1,,2016,0,1
ps,cim,Beauty Behind The Madness,3,5,2015,1,,2016,0,1
ps,tp,Beauty Behind The Madness,3,5,2015,1,,2016,0,1
ps,kw,Beauty Behind The Madness,3,5,2015,1,,2016,0,1
ps,mk,Beauty Behind The Madness,3,5,2015,1,,2016,0,1
ps,tw,Beauty Behind The Madness,3,5,2015,1,,2016,0,1
ps,bbd,Beauty Behind The Madness,3,5,2015,1,,2016,0,1
ps,ma,Beauty Behind The Madness,3,5,2015,1,,2016,0,1
ps,dbs,Beauty Behind The Madness,3,5,2015,1,,2016,0,1
ps,ap,Beauty Behind The Madness,3,5,2015,1,,2016,0,1
ps,mm,Beauty Behind The Madness,3,5,2015,1,,2016,0,1
es,jag,X,3,,2014,1,4,2015,0,2
ph,es,X,3,,2014,1,4,2015,0,2
ph,jag,X,3,,2014,1,4,2015,0,2
bb,es,X,3,,2014,1,4,2015,0,2
bb,jag,X,3,,2014,1,4,2015,0,2
bb,ph,X,3,,2014,1,4,2015,0,2
rr,es,X,3,,2014,1,4,2015,0,2
rr,jag,X,3,,2014,1,4,2015,0,2
rr,ph,X,3,,2014,1,4,2015,0,2
rr,bb,X,3,,2014,1,4,2015,0,2
eh,es,X,3,,2014,1,4,2015,0,2
eh,jag,X,3,,2014,1,4,2015,0,2
eh,ph,X,3,,2014,1,4,2015,0,2
eh,bb,X,3,,2014,1,4,2015,0,2
eh,rr,X,3,,2014,1,4,2015,0,2
jeb,es,X,3,,2014,1,4,2015,0,2
jeb,jag,X,3,,2014,1,4,2015,0,2
jeb,ph,X,3,,2014,1,4,2015,0,2
jeb,bb,X,3,,2014,1,4,2015,0,2
jeb,rr,X,3,,2014,1,4,2015,0,2
jeb,eh,X,3,,2014,1,4,2015,0,2
jmd,es,X,3,,2014,1,4,2015,0,2
jmd,jag,X,3,,2014,1,4,2015,0,2
jmd,ph,X,3,,2014,1,4,2015,0,2
jmd,bb,X,3,,2014,1,4,2015,0,2
jmd,rr,X,3,,2014,1,4,2015,0,2
jmd,eh,X,3,,2014,1,4,2015,0,2
jmd,jeb,X,3,,2014,1,4,2015,0,2
es,tas,Red,6,7,2012,1,,2014,0,1
nc,es,Red,6,7,2012,1,,2014,0,1
nc,tas,Red,6,7,2012,1,,2014,0,1
dh,es,Red,6,7,2012,1,,2014,0,1
dh,tas,Red,6,7,2012,1,,2014,0,1
dh,nc,Red,6,7,2012,1,,2014,0,1
dw,es,Red,6,7,2012,1,,2014,0,1
dw,tas,Red,6,7,2012,1,,2014,0,1
dw,nc,Red,6,7,2012,1,,2014,0,1
dw,dh,Red,6,7,2012,1,,2014,0,1
sh,es,Red,6,7,2012,1,,2014,0,1
sh,tas,Red,6,7,2012,1,,2014,0,1
sh,nc,Red,6,7,2012,1,,2014,0,1
sh,dh,Red,6,7,2012,1,,2014,0,1
sh,dw,Red,6,7,2012,1,,2014,0,1
mm,es,Red,6,7,2012,1,,2014,0,1
mm,tas,Red,6,7,2012,1,,2014,0,1
mm,nc,Red,6,7,2012,1,,2014,0,1
mm,dh,Red,6,7,2012,1,,2014,0,1
mm,dw,Red,6,7,2012,1,,2014,0,1
mm,sh,Red,6,7,2012,1,,2014,0,1
jl,es,Red,6,7,2012,1,,2014,0,1
jl,tas,Red,6,7,2012,1,,2014,0,1
jl,nc,Red,6,7,2012,1,,2014,0,1
jl,dh,Red,6,7,2012,1,,2014,0,1
jl,dw,Red,6,7,2012,1,,2014,0,1
jl,sh,Red,6,7,2012,1,,2014,0,1
jl,mm,Red,6,7,2012,1,,2014,0,1
jeb,es,Red,6,7,2012,1,,2014,0,1
jeb,tas,Red,6,7,2012,1,,2014,0,1
jeb,nc,Red,6,7,2012,1,,2014,0,1
jeb,dh,Red,6,7,2012,1,,2014,0,1
jeb,dw,Red,6,7,2012,1,,2014,0,1
jeb,sh,Red,6,7,2012,1,,2014,0,1
jeb,mm,Red,6,7,2012,1,,2014,0,1
jeb,jl,Red,6,7,2012,1,,2014,0,1
bw,es,Red,6,7,2012,1,,2014,0,1
bw,tas,Red,6,7,2012,1,,2014,0,1
bw,nc,Red,6,7,2012,1,,2014,0,1
bw,dh,Red,6,7,2012,1,,2014,0,1
bw,dw,Red,6,7,2012,1,,2014,0,1
bw,sh,Red,6,7,2012,1,,2014,0,1
bw,mm,Red,6,7,2012,1,,2014,0,1
bw,jeb,Red,6,7,2012,1,,2014,0,1
bw,jl,Red,6,7,2012,1,,2014,0,1
bw,jeb,Red,6,7,2012,1,,2014,0,1
tc,lm,Home,2,,2002,3,1,2003,1,2
tc,pw,Fly,2,,1999,3,1,2000,1,2
bc,pw,Fly,2,,1999,3,1,2000,1,2
bc,tc,Fly,2,,1999,3,1,2000,1,2
top,jel,Full Moon Fever,1,,1989,1,,1990,0,1
top,mc,Full Moon Fever,1,,1989,1,,1990,0,1
jel,mc,Full Moon Fever,1,,1989,1,,1990,0,1
top,mc,Wildflowers,1,,1993,2,,1996,0,1
top,rr,Wildflowers,1,,1993,2,,1996,0,1
mc,rr,Wildflowers,1,,1993,2,,1996,0,1
top,mc,Echo,1,,1999,2,,2000,0,1
top,rr,Echo,1,,1999,2,,2000,0,1
mc,rr,Echo,1,,1999,2,,2000,0,1
top,jel,Highway Companion,1,,2006,2,,2007,0,1
top,mc,Highway Companion,1,,2006,2,,2007,0,1
jel,mc,Highway Companion,1,,2006,2,,2007,0,1
top,mc,Mojo,1,,2010,2,,2011,0,1
top,ru,Mojo,1,,2010,2,,2011,0,1
mc,ru,Mojo,1,,2010,2,,2011,0,1
top,mc,Hypnotic Eye,1,,2014,2,,2015,0,1
top,ru,Hypnotic Eye,1,,2014,2,,2015,0,1
mc,ru,Hypnotic Eye,1,,2014,2,,2015,0,1